threshold,TP,FN,FP,TN,Precision,Recall,F1,FPR,FNR
0.0005121386904761905,1,99,0,100,1.0,0.01,0.019801980198019802,0.0,0.99
0.0009299731857514467,12,88,0,100,1.0,0.12,0.21428571428571425,0.0,0.88
0.0013478076810267028,25,75,0,100,1.0,0.25,0.4,0.0,0.75
0.0017656421763019591,32,68,1,99,0.9696969696969697,0.32,0.48120300751879697,0.01,0.68
0.002183476671577215,39,61,6,94,0.8666666666666667,0.39,0.5379310344827586,0.06,0.61
0.0026013111668524713,44,56,10,90,0.8148148148148148,0.44,0.5714285714285714,0.1,0.56
0.0030191456621277276,47,53,12,88,0.7966101694915254,0.47,0.5911949685534592,0.12,0.53
0.0034369801574029835,49,51,18,82,0.7313432835820896,0.49,0.5868263473053892,0.18,0.51
0.00385481465267824,50,50,24,76,0.6756756756756757,0.5,0.5747126436781609,0.24,0.5
0.004272649147953496,56,44,27,73,0.6746987951807228,0.56,0.6120218579234973,0.27,0.44
0.004690483643228752,59,41,28,72,0.6781609195402298,0.59,0.6310160427807486,0.28,0.41
0.005108318138504008,60,40,29,71,0.6741573033707865,0.6,0.6349206349206349,0.29,0.4
0.005526152633779265,61,39,31,69,0.6630434782608695,0.61,0.6354166666666666,0.31,0.39
0.005943987129054521,62,38,32,68,0.6595744680851063,0.62,0.6391752577319586,0.32,0.38
0.006361821624329776,62,38,34,66,0.6458333333333334,0.62,0.6326530612244898,0.34,0.38
0.006779656119605033,63,37,35,65,0.6428571428571429,0.63,0.6363636363636364,0.35,0.37
0.007197490614880289,65,35,35,65,0.65,0.65,0.65,0.35,0.35
0.007615325110155545,67,33,35,65,0.6568627450980392,0.67,0.6633663366336634,0.35,0.33
0.0080331596054308,68,32,35,65,0.6601941747572816,0.68,0.6699507389162562,0.35,0.32
0.008450994100706058,69,31,35,65,0.6634615384615384,0.69,0.6764705882352942,0.35,0.31
0.008868828595981313,70,30,35,65,0.6666666666666666,0.7,0.6829268292682926,0.35,0.3
0.00928666309125657,71,29,35,65,0.6698113207547169,0.71,0.6893203883495145,0.35,0.29
0.009704497586531826,72,28,35,65,0.6728971962616822,0.72,0.6956521739130436,0.35,0.28
0.010122332081807081,72,28,36,64,0.6666666666666666,0.72,0.6923076923076923,0.36,0.28
0.010540166577082339,73,27,36,64,0.6697247706422018,0.73,0.6985645933014354,0.36,0.27
0.010958001072357594,74,26,36,64,0.6727272727272727,0.74,0.7047619047619048,0.36,0.26
0.011375835567632851,74,26,38,62,0.6607142857142857,0.74,0.6981132075471698,0.38,0.26
0.011793670062908107,74,26,39,61,0.6548672566371682,0.74,0.6948356807511737,0.39,0.26
0.012211504558183362,74,26,41,59,0.6434782608695652,0.74,0.6883720930232557,0.41,0.26
0.01262933905345862,76,24,42,58,0.6440677966101694,0.76,0.6972477064220184,0.42,0.24
0.013047173548733875,78,22,43,57,0.6446280991735537,0.78,0.7058823529411764,0.43,0.22
0.013465008044009132,78,22,48,52,0.6190476190476191,0.78,0.6902654867256637,0.48,0.22
0.013882842539284387,78,22,49,51,0.6141732283464567,0.78,0.6872246696035242,0.49,0.22
0.014300677034559643,79,21,49,51,0.6171875,0.79,0.6929824561403509,0.49,0.21
0.0147185115298349,79,21,49,51,0.6171875,0.79,0.6929824561403509,0.49,0.21
0.015136346025110155,81,19,49,51,0.6230769230769231,0.81,0.7043478260869566,0.49,0.19
0.015554180520385413,81,19,49,51,0.6230769230769231,0.81,0.7043478260869566,0.49,0.19
0.015972015015660666,82,18,49,51,0.6259541984732825,0.82,0.70995670995671,0.49,0.18
0.016389849510935924,83,17,49,51,0.6287878787878788,0.83,0.7155172413793103,0.49,0.17
0.016807684006211177,84,16,51,49,0.6222222222222222,0.84,0.7148936170212766,0.51,0.16
0.017225518501486434,86,14,51,49,0.6277372262773723,0.86,0.7257383966244725,0.51,0.14
0.01764335299676169,86,14,51,49,0.6277372262773723,0.86,0.7257383966244725,0.51,0.14
0.01806118749203695,86,14,51,49,0.6277372262773723,0.86,0.7257383966244725,0.51,0.14
0.018479021987312202,87,13,51,49,0.6304347826086957,0.87,0.7310924369747899,0.51,0.13
0.01889685648258746,88,12,51,49,0.6330935251798561,0.88,0.7364016736401673,0.51,0.12
0.019314690977862717,88,12,51,49,0.6330935251798561,0.88,0.7364016736401673,0.51,0.12
0.01973252547313797,89,11,51,49,0.6357142857142857,0.89,0.7416666666666666,0.51,0.11
0.020150359968413228,89,11,51,49,0.6357142857142857,0.89,0.7416666666666666,0.51,0.11
0.020568194463688485,89,11,51,49,0.6357142857142857,0.89,0.7416666666666666,0.51,0.11
0.02098602895896374,89,11,51,49,0.6357142857142857,0.89,0.7416666666666666,0.51,0.11
0.021403863454238996,90,10,51,49,0.6382978723404256,0.9,0.7468879668049793,0.51,0.1
0.021821697949514253,91,9,54,46,0.6275862068965518,0.91,0.7428571428571429,0.54,0.09
0.02223953244478951,91,9,54,46,0.6275862068965518,0.91,0.7428571428571429,0.54,0.09
0.022657366940064764,91,9,54,46,0.6275862068965518,0.91,0.7428571428571429,0.54,0.09
0.02307520143534002,91,9,54,46,0.6275862068965518,0.91,0.7428571428571429,0.54,0.09
0.023493035930615278,91,9,54,46,0.6275862068965518,0.91,0.7428571428571429,0.54,0.09
0.023910870425890532,91,9,54,46,0.6275862068965518,0.91,0.7428571428571429,0.54,0.09
0.02432870492116579,91,9,54,46,0.6275862068965518,0.91,0.7428571428571429,0.54,0.09
0.024746539416441046,91,9,55,45,0.6232876712328768,0.91,0.7398373983739838,0.55,0.09
0.0251643739117163,91,9,55,45,0.6232876712328768,0.91,0.7398373983739838,0.55,0.09
0.025582208406991557,91,9,55,45,0.6232876712328768,0.91,0.7398373983739838,0.55,0.09
0.026000042902266814,91,9,55,45,0.6232876712328768,0.91,0.7398373983739838,0.55,0.09
0.02641787739754207,94,6,57,43,0.6225165562913907,0.94,0.7490039840637449,0.57,0.06
0.026835711892817325,94,6,57,43,0.6225165562913907,0.94,0.7490039840637449,0.57,0.06
0.027253546388092582,94,6,57,43,0.6225165562913907,0.94,0.7490039840637449,0.57,0.06
0.02767138088336784,94,6,57,43,0.6225165562913907,0.94,0.7490039840637449,0.57,0.06
0.028089215378643093,94,6,57,43,0.6225165562913907,0.94,0.7490039840637449,0.57,0.06
0.02850704987391835,94,6,57,43,0.6225165562913907,0.94,0.7490039840637449,0.57,0.06
0.028924884369193608,94,6,59,41,0.6143790849673203,0.94,0.7430830039525692,0.59,0.06
0.029342718864468865,94,6,59,41,0.6143790849673203,0.94,0.7430830039525692,0.59,0.06
0.02976055335974412,94,6,59,41,0.6143790849673203,0.94,0.7430830039525692,0.59,0.06
0.030178387855019376,94,6,60,40,0.6103896103896104,0.94,0.7401574803149605,0.6,0.06
0.030596222350294633,94,6,60,40,0.6103896103896104,0.94,0.7401574803149605,0.6,0.06
0.031014056845569887,94,6,60,40,0.6103896103896104,0.94,0.7401574803149605,0.6,0.06
0.03143189134084515,95,5,63,37,0.6012658227848101,0.95,0.7364341085271318,0.63,0.05
0.031849725836120404,95,5,63,37,0.6012658227848101,0.95,0.7364341085271318,0.63,0.05
0.03226756033139566,95,5,65,35,0.59375,0.95,0.7307692307692308,0.65,0.05
0.03268539482667092,95,5,65,35,0.59375,0.95,0.7307692307692308,0.65,0.05
0.03310322932194617,95,5,66,34,0.5900621118012422,0.95,0.7279693486590039,0.66,0.05
0.033521063817221426,95,5,66,34,0.5900621118012422,0.95,0.7279693486590039,0.66,0.05
0.03393889831249668,95,5,66,34,0.5900621118012422,0.95,0.7279693486590039,0.66,0.05
0.03435673280777194,95,5,66,34,0.5900621118012422,0.95,0.7279693486590039,0.66,0.05
0.0347745673030472,95,5,67,33,0.5864197530864198,0.95,0.7251908396946565,0.67,0.05
0.035192401798322455,95,5,67,33,0.5864197530864198,0.95,0.7251908396946565,0.67,0.05
0.03561023629359771,95,5,68,32,0.5828220858895705,0.95,0.7224334600760456,0.68,0.05
0.03602807078887296,96,4,69,31,0.5818181818181818,0.96,0.7245283018867924,0.69,0.04
0.03644590528414822,96,4,69,31,0.5818181818181818,0.96,0.7245283018867924,0.69,0.04
0.03686373977942348,96,4,69,31,0.5818181818181818,0.96,0.7245283018867924,0.69,0.04
0.037281574274698734,96,4,69,31,0.5818181818181818,0.96,0.7245283018867924,0.69,0.04
0.03769940876997399,96,4,69,31,0.5818181818181818,0.96,0.7245283018867924,0.69,0.04
0.03811724326524925,96,4,69,31,0.5818181818181818,0.96,0.7245283018867924,0.69,0.04
0.0385350777605245,96,4,69,31,0.5818181818181818,0.96,0.7245283018867924,0.69,0.04
0.038952912255799756,96,4,69,31,0.5818181818181818,0.96,0.7245283018867924,0.69,0.04
0.03937074675107501,96,4,69,31,0.5818181818181818,0.96,0.7245283018867924,0.69,0.04
0.03978858124635027,96,4,69,31,0.5818181818181818,0.96,0.7245283018867924,0.69,0.04
0.04020641574162553,96,4,69,31,0.5818181818181818,0.96,0.7245283018867924,0.69,0.04
0.040624250236900784,97,3,69,31,0.5843373493975904,0.97,0.7293233082706768,0.69,0.03
0.04104208473217604,98,2,69,31,0.5868263473053892,0.98,0.7340823970037452,0.69,0.02
0.04145991922745129,98,2,69,31,0.5868263473053892,0.98,0.7340823970037452,0.69,0.02
0.04187775372272655,99,1,70,30,0.5857988165680473,0.99,0.7360594795539034,0.7,0.01
0.042295588218001806,99,1,70,30,0.5857988165680473,0.99,0.7360594795539034,0.7,0.01
0.04271342271327706,99,1,70,30,0.5857988165680473,0.99,0.7360594795539034,0.7,0.01
0.04313125720855232,99,1,70,30,0.5857988165680473,0.99,0.7360594795539034,0.7,0.01
0.04354909170382758,99,1,70,30,0.5857988165680473,0.99,0.7360594795539034,0.7,0.01
0.043966926199102835,99,1,70,30,0.5857988165680473,0.99,0.7360594795539034,0.7,0.01
0.044384760694378085,99,1,70,30,0.5857988165680473,0.99,0.7360594795539034,0.7,0.01
0.04480259518965334,99,1,70,30,0.5857988165680473,0.99,0.7360594795539034,0.7,0.01
0.0452204296849286,99,1,70,30,0.5857988165680473,0.99,0.7360594795539034,0.7,0.01
0.04563826418020386,100,0,70,30,0.5882352941176471,1.0,0.7407407407407407,0.7,0.0
0.046056098675479114,100,0,70,30,0.5882352941176471,1.0,0.7407407407407407,0.7,0.0
0.04647393317075437,100,0,70,30,0.5882352941176471,1.0,0.7407407407407407,0.7,0.0
0.04689176766602963,100,0,70,30,0.5882352941176471,1.0,0.7407407407407407,0.7,0.0
0.04730960216130488,100,0,70,30,0.5882352941176471,1.0,0.7407407407407407,0.7,0.0
0.047727436656580136,100,0,71,29,0.5847953216374269,1.0,0.7380073800738007,0.71,0.0
0.04814527115185539,100,0,72,28,0.5813953488372093,1.0,0.7352941176470588,0.72,0.0
0.04856310564713065,100,0,72,28,0.5813953488372093,1.0,0.7352941176470588,0.72,0.0
0.04898094014240591,100,0,72,28,0.5813953488372093,1.0,0.7352941176470588,0.72,0.0
0.049398774637681164,100,0,72,28,0.5813953488372093,1.0,0.7352941176470588,0.72,0.0
0.049816609132956415,100,0,73,27,0.5780346820809249,1.0,0.7326007326007327,0.73,0.0
0.05023444362823167,100,0,73,27,0.5780346820809249,1.0,0.7326007326007327,0.73,0.0
0.05065227812350693,100,0,75,25,0.5714285714285714,1.0,0.7272727272727273,0.75,0.0
0.051070112618782186,100,0,77,23,0.5649717514124294,1.0,0.7220216606498194,0.77,0.0
0.05148794711405744,100,0,77,23,0.5649717514124294,1.0,0.7220216606498194,0.77,0.0
0.0519057816093327,100,0,77,23,0.5649717514124294,1.0,0.7220216606498194,0.77,0.0
0.05232361610460796,100,0,77,23,0.5649717514124294,1.0,0.7220216606498194,0.77,0.0
0.05274145059988321,100,0,77,23,0.5649717514124294,1.0,0.7220216606498194,0.77,0.0
0.053159285095158465,100,0,77,23,0.5649717514124294,1.0,0.7220216606498194,0.77,0.0
0.05357711959043372,100,0,77,23,0.5649717514124294,1.0,0.7220216606498194,0.77,0.0
0.05399495408570898,100,0,77,23,0.5649717514124294,1.0,0.7220216606498194,0.77,0.0
0.05441278858098424,100,0,77,23,0.5649717514124294,1.0,0.7220216606498194,0.77,0.0
0.054830623076259494,100,0,77,23,0.5649717514124294,1.0,0.7220216606498194,0.77,0.0
0.05524845757153475,100,0,77,23,0.5649717514124294,1.0,0.7220216606498194,0.77,0.0
0.05566629206681,100,0,78,22,0.5617977528089888,1.0,0.7194244604316548,0.78,0.0
0.05608412656208526,100,0,78,22,0.5617977528089888,1.0,0.7194244604316548,0.78,0.0
0.056501961057360515,100,0,78,22,0.5617977528089888,1.0,0.7194244604316548,0.78,0.0
0.05691979555263577,100,0,79,21,0.5586592178770949,1.0,0.7168458781362006,0.79,0.0
0.05733763004791103,100,0,79,21,0.5586592178770949,1.0,0.7168458781362006,0.79,0.0
0.05775546454318629,100,0,79,21,0.5586592178770949,1.0,0.7168458781362006,0.79,0.0
0.058173299038461544,100,0,79,21,0.5586592178770949,1.0,0.7168458781362006,0.79,0.0
0.058591133533736794,100,0,79,21,0.5586592178770949,1.0,0.7168458781362006,0.79,0.0
0.05900896802901205,100,0,79,21,0.5586592178770949,1.0,0.7168458781362006,0.79,0.0
0.05942680252428731,100,0,80,20,0.5555555555555556,1.0,0.7142857142857143,0.8,0.0
0.059844637019562566,100,0,80,20,0.5555555555555556,1.0,0.7142857142857143,0.8,0.0
0.06026247151483782,100,0,81,19,0.5524861878453039,1.0,0.7117437722419929,0.81,0.0
0.06068030601011308,100,0,81,19,0.5524861878453039,1.0,0.7117437722419929,0.81,0.0
0.06109814050538833,100,0,83,17,0.546448087431694,1.0,0.7067137809187279,0.83,0.0
0.06151597500066359,100,0,83,17,0.546448087431694,1.0,0.7067137809187279,0.83,0.0
0.061933809495938845,100,0,83,17,0.546448087431694,1.0,0.7067137809187279,0.83,0.0
0.0623516439912141,100,0,83,17,0.546448087431694,1.0,0.7067137809187279,0.83,0.0
0.06276947848648935,100,0,83,17,0.546448087431694,1.0,0.7067137809187279,0.83,0.0
0.06318731298176461,100,0,84,16,0.5434782608695652,1.0,0.704225352112676,0.84,0.0
0.06360514747703987,100,0,84,16,0.5434782608695652,1.0,0.704225352112676,0.84,0.0
0.06402298197231512,100,0,84,16,0.5434782608695652,1.0,0.704225352112676,0.84,0.0
0.06444081646759038,100,0,84,16,0.5434782608695652,1.0,0.704225352112676,0.84,0.0
0.06485865096286564,100,0,84,16,0.5434782608695652,1.0,0.704225352112676,0.84,0.0
0.06527648545814088,100,0,84,16,0.5434782608695652,1.0,0.704225352112676,0.84,0.0
0.06569431995341614,100,0,84,16,0.5434782608695652,1.0,0.704225352112676,0.84,0.0
0.0661121544486914,100,0,84,16,0.5434782608695652,1.0,0.704225352112676,0.84,0.0
0.06652998894396665,100,0,84,16,0.5434782608695652,1.0,0.704225352112676,0.84,0.0
0.06694782343924191,100,0,84,16,0.5434782608695652,1.0,0.704225352112676,0.84,0.0
0.06736565793451717,100,0,84,16,0.5434782608695652,1.0,0.704225352112676,0.84,0.0
0.06778349242979242,100,0,85,15,0.5405405405405406,1.0,0.7017543859649124,0.85,0.0
0.06820132692506768,100,0,85,15,0.5405405405405406,1.0,0.7017543859649124,0.85,0.0
0.06861916142034294,100,0,85,15,0.5405405405405406,1.0,0.7017543859649124,0.85,0.0
0.0690369959156182,100,0,85,15,0.5405405405405406,1.0,0.7017543859649124,0.85,0.0
0.06945483041089345,100,0,85,15,0.5405405405405406,1.0,0.7017543859649124,0.85,0.0
0.06987266490616871,100,0,85,15,0.5405405405405406,1.0,0.7017543859649124,0.85,0.0
0.07029049940144397,100,0,85,15,0.5405405405405406,1.0,0.7017543859649124,0.85,0.0
0.07070833389671922,100,0,85,15,0.5405405405405406,1.0,0.7017543859649124,0.85,0.0
0.07112616839199447,100,0,85,15,0.5405405405405406,1.0,0.7017543859649124,0.85,0.0
0.07154400288726973,100,0,85,15,0.5405405405405406,1.0,0.7017543859649124,0.85,0.0
0.07196183738254498,100,0,85,15,0.5405405405405406,1.0,0.7017543859649124,0.85,0.0
0.07237967187782024,100,0,85,15,0.5405405405405406,1.0,0.7017543859649124,0.85,0.0
0.0727975063730955,100,0,87,13,0.5347593582887701,1.0,0.6968641114982579,0.87,0.0
0.07321534086837075,100,0,87,13,0.5347593582887701,1.0,0.6968641114982579,0.87,0.0
0.07363317536364601,100,0,87,13,0.5347593582887701,1.0,0.6968641114982579,0.87,0.0
0.07405100985892127,100,0,87,13,0.5347593582887701,1.0,0.6968641114982579,0.87,0.0
0.07446884435419653,100,0,88,12,0.5319148936170213,1.0,0.6944444444444444,0.88,0.0
0.07488667884947178,100,0,88,12,0.5319148936170213,1.0,0.6944444444444444,0.88,0.0
0.07530451334474704,100,0,88,12,0.5319148936170213,1.0,0.6944444444444444,0.88,0.0
0.0757223478400223,100,0,88,12,0.5319148936170213,1.0,0.6944444444444444,0.88,0.0
0.07614018233529755,100,0,88,12,0.5319148936170213,1.0,0.6944444444444444,0.88,0.0
0.0765580168305728,100,0,88,12,0.5319148936170213,1.0,0.6944444444444444,0.88,0.0
0.07697585132584805,100,0,88,12,0.5319148936170213,1.0,0.6944444444444444,0.88,0.0
0.07739368582112331,100,0,88,12,0.5319148936170213,1.0,0.6944444444444444,0.88,0.0
0.07781152031639857,100,0,88,12,0.5319148936170213,1.0,0.6944444444444444,0.88,0.0
0.07822935481167383,100,0,88,12,0.5319148936170213,1.0,0.6944444444444444,0.88,0.0
0.07864718930694908,100,0,88,12,0.5319148936170213,1.0,0.6944444444444444,0.88,0.0
0.07906502380222434,100,0,88,12,0.5319148936170213,1.0,0.6944444444444444,0.88,0.0
0.0794828582974996,100,0,88,12,0.5319148936170213,1.0,0.6944444444444444,0.88,0.0
0.07990069279277486,100,0,88,12,0.5319148936170213,1.0,0.6944444444444444,0.88,0.0
0.08031852728805011,100,0,88,12,0.5319148936170213,1.0,0.6944444444444444,0.88,0.0
0.08073636178332537,100,0,88,12,0.5319148936170213,1.0,0.6944444444444444,0.88,0.0
0.08115419627860063,100,0,88,12,0.5319148936170213,1.0,0.6944444444444444,0.88,0.0
0.08157203077387588,100,0,88,12,0.5319148936170213,1.0,0.6944444444444444,0.88,0.0
0.08198986526915114,100,0,89,11,0.5291005291005291,1.0,0.6920415224913494,0.89,0.0
0.08240769976442638,100,0,89,11,0.5291005291005291,1.0,0.6920415224913494,0.89,0.0
0.08282553425970164,100,0,89,11,0.5291005291005291,1.0,0.6920415224913494,0.89,0.0
0.0832433687549769,100,0,90,10,0.5263157894736842,1.0,0.6896551724137931,0.9,0.0
0.08366120325025216,100,0,90,10,0.5263157894736842,1.0,0.6896551724137931,0.9,0.0
0.08407903774552741,100,0,90,10,0.5263157894736842,1.0,0.6896551724137931,0.9,0.0
0.08449687224080267,100,0,91,9,0.5235602094240838,1.0,0.6872852233676976,0.91,0.0
0.08491470673607793,100,0,91,9,0.5235602094240838,1.0,0.6872852233676976,0.91,0.0
0.08533254123135318,100,0,91,9,0.5235602094240838,1.0,0.6872852233676976,0.91,0.0
0.08575037572662844,100,0,91,9,0.5235602094240838,1.0,0.6872852233676976,0.91,0.0
0.0861682102219037,100,0,91,9,0.5235602094240838,1.0,0.6872852233676976,0.91,0.0
0.08658604471717896,100,0,91,9,0.5235602094240838,1.0,0.6872852233676976,0.91,0.0
0.08700387921245421,100,0,91,9,0.5235602094240838,1.0,0.6872852233676976,0.91,0.0
0.08742171370772947,100,0,92,8,0.5208333333333334,1.0,0.684931506849315,0.92,0.0
0.08783954820300471,100,0,92,8,0.5208333333333334,1.0,0.684931506849315,0.92,0.0
0.08825738269827997,100,0,94,6,0.5154639175257731,1.0,0.6802721088435374,0.94,0.0
0.08867521719355523,100,0,94,6,0.5154639175257731,1.0,0.6802721088435374,0.94,0.0
0.08909305168883049,100,0,94,6,0.5154639175257731,1.0,0.6802721088435374,0.94,0.0
0.08951088618410574,100,0,94,6,0.5154639175257731,1.0,0.6802721088435374,0.94,0.0
0.089928720679381,100,0,94,6,0.5154639175257731,1.0,0.6802721088435374,0.94,0.0
0.09034655517465626,100,0,94,6,0.5154639175257731,1.0,0.6802721088435374,0.94,0.0
0.09076438966993151,100,0,94,6,0.5154639175257731,1.0,0.6802721088435374,0.94,0.0
0.09118222416520677,100,0,95,5,0.5128205128205128,1.0,0.6779661016949152,0.95,0.0
0.09160005866048203,100,0,95,5,0.5128205128205128,1.0,0.6779661016949152,0.95,0.0
0.09201789315575729,100,0,95,5,0.5128205128205128,1.0,0.6779661016949152,0.95,0.0
0.09243572765103254,100,0,95,5,0.5128205128205128,1.0,0.6779661016949152,0.95,0.0
0.0928535621463078,100,0,95,5,0.5128205128205128,1.0,0.6779661016949152,0.95,0.0
0.09327139664158306,100,0,95,5,0.5128205128205128,1.0,0.6779661016949152,0.95,0.0
0.0936892311368583,100,0,95,5,0.5128205128205128,1.0,0.6779661016949152,0.95,0.0
0.09410706563213356,100,0,95,5,0.5128205128205128,1.0,0.6779661016949152,0.95,0.0
0.09452490012740881,100,0,95,5,0.5128205128205128,1.0,0.6779661016949152,0.95,0.0
0.09494273462268407,100,0,95,5,0.5128205128205128,1.0,0.6779661016949152,0.95,0.0
0.09536056911795933,100,0,95,5,0.5128205128205128,1.0,0.6779661016949152,0.95,0.0
0.09577840361323459,100,0,95,5,0.5128205128205128,1.0,0.6779661016949152,0.95,0.0
0.09619623810850984,100,0,95,5,0.5128205128205128,1.0,0.6779661016949152,0.95,0.0
0.0966140726037851,100,0,95,5,0.5128205128205128,1.0,0.6779661016949152,0.95,0.0
0.09703190709906036,100,0,95,5,0.5128205128205128,1.0,0.6779661016949152,0.95,0.0
0.09744974159433561,100,0,95,5,0.5128205128205128,1.0,0.6779661016949152,0.95,0.0
0.09786757608961087,100,0,95,5,0.5128205128205128,1.0,0.6779661016949152,0.95,0.0
0.09828541058488613,100,0,95,5,0.5128205128205128,1.0,0.6779661016949152,0.95,0.0
0.09870324508016139,100,0,95,5,0.5128205128205128,1.0,0.6779661016949152,0.95,0.0
0.09912107957543663,100,0,95,5,0.5128205128205128,1.0,0.6779661016949152,0.95,0.0
0.09953891407071189,100,0,95,5,0.5128205128205128,1.0,0.6779661016949152,0.95,0.0
0.09995674856598714,100,0,95,5,0.5128205128205128,1.0,0.6779661016949152,0.95,0.0
0.1003745830612624,100,0,95,5,0.5128205128205128,1.0,0.6779661016949152,0.95,0.0
0.10079241755653766,100,0,95,5,0.5128205128205128,1.0,0.6779661016949152,0.95,0.0
0.10121025205181292,100,0,95,5,0.5128205128205128,1.0,0.6779661016949152,0.95,0.0
0.10162808654708817,100,0,95,5,0.5128205128205128,1.0,0.6779661016949152,0.95,0.0
0.10204592104236343,100,0,96,4,0.5102040816326531,1.0,0.6756756756756758,0.96,0.0
0.10246375553763869,100,0,96,4,0.5102040816326531,1.0,0.6756756756756758,0.96,0.0
0.10288159003291394,100,0,96,4,0.5102040816326531,1.0,0.6756756756756758,0.96,0.0
0.1032994245281892,100,0,96,4,0.5102040816326531,1.0,0.6756756756756758,0.96,0.0
0.10371725902346446,100,0,96,4,0.5102040816326531,1.0,0.6756756756756758,0.96,0.0
0.10413509351873972,100,0,96,4,0.5102040816326531,1.0,0.6756756756756758,0.96,0.0
0.10455292801401497,100,0,96,4,0.5102040816326531,1.0,0.6756756756756758,0.96,0.0
0.10497076250929022,100,0,96,4,0.5102040816326531,1.0,0.6756756756756758,0.96,0.0
0.10538859700456547,100,0,96,4,0.5102040816326531,1.0,0.6756756756756758,0.96,0.0
0.10580643149984073,100,0,96,4,0.5102040816326531,1.0,0.6756756756756758,0.96,0.0
0.10622426599511599,100,0,96,4,0.5102040816326531,1.0,0.6756756756756758,0.96,0.0
0.10664210049039125,100,0,96,4,0.5102040816326531,1.0,0.6756756756756758,0.96,0.0
0.1070599349856665,100,0,96,4,0.5102040816326531,1.0,0.6756756756756758,0.96,0.0
0.10747776948094176,100,0,96,4,0.5102040816326531,1.0,0.6756756756756758,0.96,0.0
0.10789560397621702,100,0,96,4,0.5102040816326531,1.0,0.6756756756756758,0.96,0.0
0.10831343847149227,100,0,96,4,0.5102040816326531,1.0,0.6756756756756758,0.96,0.0
0.10873127296676753,100,0,96,4,0.5102040816326531,1.0,0.6756756756756758,0.96,0.0
0.10914910746204279,100,0,96,4,0.5102040816326531,1.0,0.6756756756756758,0.96,0.0
0.10956694195731805,100,0,96,4,0.5102040816326531,1.0,0.6756756756756758,0.96,0.0
0.1099847764525933,100,0,96,4,0.5102040816326531,1.0,0.6756756756756758,0.96,0.0
0.11040261094786855,100,0,96,4,0.5102040816326531,1.0,0.6756756756756758,0.96,0.0
0.1108204454431438,100,0,96,4,0.5102040816326531,1.0,0.6756756756756758,0.96,0.0
0.11123827993841906,100,0,96,4,0.5102040816326531,1.0,0.6756756756756758,0.96,0.0
0.11165611443369432,100,0,96,4,0.5102040816326531,1.0,0.6756756756756758,0.96,0.0
0.11207394892896957,100,0,96,4,0.5102040816326531,1.0,0.6756756756756758,0.96,0.0
0.11249178342424483,100,0,96,4,0.5102040816326531,1.0,0.6756756756756758,0.96,0.0
0.11290961791952009,100,0,96,4,0.5102040816326531,1.0,0.6756756756756758,0.96,0.0
0.11332745241479535,100,0,96,4,0.5102040816326531,1.0,0.6756756756756758,0.96,0.0
0.1137452869100706,100,0,96,4,0.5102040816326531,1.0,0.6756756756756758,0.96,0.0
0.11416312140534586,100,0,96,4,0.5102040816326531,1.0,0.6756756756756758,0.96,0.0
0.11458095590062112,100,0,97,3,0.5076142131979695,1.0,0.6734006734006733,0.97,0.0
0.11499879039589637,100,0,97,3,0.5076142131979695,1.0,0.6734006734006733,0.97,0.0
0.11541662489117163,100,0,97,3,0.5076142131979695,1.0,0.6734006734006733,0.97,0.0
0.11583445938644689,100,0,97,3,0.5076142131979695,1.0,0.6734006734006733,0.97,0.0
0.11625229388172213,100,0,97,3,0.5076142131979695,1.0,0.6734006734006733,0.97,0.0
0.11667012837699739,100,0,97,3,0.5076142131979695,1.0,0.6734006734006733,0.97,0.0
0.11708796287227265,100,0,97,3,0.5076142131979695,1.0,0.6734006734006733,0.97,0.0
0.1175057973675479,100,0,97,3,0.5076142131979695,1.0,0.6734006734006733,0.97,0.0
0.11792363186282316,100,0,97,3,0.5076142131979695,1.0,0.6734006734006733,0.97,0.0
0.11834146635809842,100,0,98,2,0.5050505050505051,1.0,0.6711409395973155,0.98,0.0
0.11875930085337368,100,0,98,2,0.5050505050505051,1.0,0.6711409395973155,0.98,0.0
0.11917713534864893,100,0,98,2,0.5050505050505051,1.0,0.6711409395973155,0.98,0.0
0.11959496984392419,100,0,98,2,0.5050505050505051,1.0,0.6711409395973155,0.98,0.0
0.12001280433919945,100,0,98,2,0.5050505050505051,1.0,0.6711409395973155,0.98,0.0
0.1204306388344747,100,0,98,2,0.5050505050505051,1.0,0.6711409395973155,0.98,0.0
0.12084847332974996,100,0,98,2,0.5050505050505051,1.0,0.6711409395973155,0.98,0.0
0.12126630782502522,100,0,98,2,0.5050505050505051,1.0,0.6711409395973155,0.98,0.0
0.12168414232030046,100,0,99,1,0.5025125628140703,1.0,0.6688963210702341,0.99,0.0
0.12210197681557572,100,0,99,1,0.5025125628140703,1.0,0.6688963210702341,0.99,0.0
0.12251981131085098,100,0,99,1,0.5025125628140703,1.0,0.6688963210702341,0.99,0.0
0.12293764580612623,100,0,99,1,0.5025125628140703,1.0,0.6688963210702341,0.99,0.0
0.12335548030140149,100,0,99,1,0.5025125628140703,1.0,0.6688963210702341,0.99,0.0
0.12377331479667675,100,0,99,1,0.5025125628140703,1.0,0.6688963210702341,0.99,0.0
0.124191149291952,100,0,99,1,0.5025125628140703,1.0,0.6688963210702341,0.99,0.0
0.12460898378722726,100,0,99,1,0.5025125628140703,1.0,0.6688963210702341,0.99,0.0
0.12502681828250253,100,0,99,1,0.5025125628140703,1.0,0.6688963210702341,0.99,0.0
0.12544465277777778,100,0,100,0,0.5,1.0,0.6666666666666666,1.0,0.0
